# omega;Arpes occ;Arpes tot
-15;5.35614098166899e-08;2.67009398265803e-07
-14.990625;5.40126152998563e-08;2.87921975428063e-07
-14.98125;5.65362935074676e-08;3.10991170285324e-07
-14.971875;6.11197095506411e-08;3.36027180489456e-07
-14.9625;6.77326425814535e-08;3.62823662710297e-07
-14.953125;7.63276196169384e-08;3.91159464306326e-07
-14.94375;8.68402935172216e-08;4.20800474363511e-07
-14.934375;9.91899610632052e-08;4.51501583511315e-07
-14.925;1.13280236947491e-07;4.83008752411315e-07
-14.915625;1.28999837969331e-07;5.1506113013876e-07
-14.90625;1.46223518223753e-07;5.47393257884441e-07
-14.896875;1.64813102264286e-07;5.79737286999109e-07
-14.8875;1.84618655554428e-07;6.11825243665308e-07
-14.878125;2.05479726715092e-07;6.4339127237013e-07
-14.86875;2.27226705110886e-07;6.74173873470648e-07
-14.859375;2.49682242858665e-07;7.03918107756768e-07
-14.85;2.7266275935962e-07;7.32377743092181e-07
-14.840625;2.95979977215035e-07;7.59317320102516e-07
-14.83125;3.19442529048884e-07;7.8451414810602e-07
-14.821875;3.42857566960956e-07;8.07760170604809e-07
-14.8125;3.66032408745521e-07;8.28863733475777e-07
-14.803125;3.88776161236732e-07;8.47651189920748e-07
-14.79375;4.10901354696802e-07;8.63968376921416e-07
-14.784375;4.32225535018434e-07;8.77681916759181e-07
-14.775;4.5257281647051e-07;8.88680342726273e-07
-14.765625;4.71775387672154e-07;8.96875050341773e-07
-14.75625;4.89674947077457e-07;9.02201049500123e-07
-14.746875;5.06124058582401e-07;9.04617519991138e-07
-14.7375;5.20987416788421e-07;9.04108163803169e-07
-14.728125;5.34143011786738e-07;9.00681350018348e-07
-14.71875;5.45483186507389e-07;8.94370058999583e-07
-14.709375;5.54915567302855e-07;8.85231611404158e-07
-14.7;5.62363864339504e-07;8.73347193814868e-07
-14.690625;5.67768551373843e-07;8.58821192284597e-07
-14.68125;5.71087382146746e-07;8.41780313174905e-07
-14.671875;5.72295781687925e-07;8.22372537451117e-07
-14.6625;5.71387069867246e-07;8.0076587665016e-07
-14.653125;5.68372552279026e-07;7.77146971927716e-07
-14.64375;5.63281441189271e-07;7.51719534134024e-07
-14.634375;5.56160634655469e-07;7.24702628961732e-07
-14.625;5.47074343544224e-07;6.96328853868635e-07
-14.615625;5.36103572526666e-07;6.66842377760998e-07
-14.60625;5.23345450101824e-07;6.36496898002248e-07
-14.596875;5.08912435677553e-07;6.05553512458307e-07
-14.5875;4.92931380438906e-07;5.74278522704586e-07
-14.578125;4.7554247930112e-07;5.42941206364158e-07
-14.56875;4.56898093475402e-07;5.11811549419851e-07
-14.559375;4.37161485275402e-07;4.81157982145789e-07
-14.55;4.1650544821352e-07;4.51245123387031e-07
-14.540625;3.95110855105403e-07;4.22331554900137e-07
-14.53125;3.73165144038781e-07;3.94667653617076e-07
-14.521875;3.5086074145422e-07;3.68493485319714e-07
-14.5125;3.28393443063915e-07;3.44036787863428e-07
-14.503125;3.05960766015628e-07;3.21511058872402e-07
-14.49375;2.83760282328869e-07;3.01113760989854e-07
-14.484375;2.61987958451485e-07;2.83024668319404e-07
-14.475;2.40836500262461e-07;2.67404354724808e-07
-14.465625;2.20493724791272e-07;2.54392850621761e-07
-14.45625;2.01140982159438e-07;2.44108469016624e-07
-14.446875;1.82951619860785e-07;2.36646819476019e-07
-14.4375;1.66089526113034e-07;2.32080011503764e-07
-14.428125;1.50707745241512e-07;2.30456063143052e-07
-14.41875;1.36947188873637e-07;2.31798499504277e-07
-14.409375;1.24935456025546e-07;2.3610618476017e-07
-14.4;1.1478575422178e-07;2.43353334848421e-07
-14.390625;1.06595961692194e-07;2.53489768973007e-07
-14.38125;1.00447803298342e-07;2.66441339666598e-07
-14.371875;9.64061809499152e-08;2.82110600561502e-07
-14.3625;9.45186413303778e-08;3.00377644966128e-07
-14.353125;9.48149938309252e-08;3.21101156000246e-07
-14.34375;9.73070869335149e-08;3.44119630833869e-07
-14.334375;1.01988735607597e-07;3.69252789437296e-07
-14.325;1.08835811780771e-07;3.96303134872371e-07
-14.315625;1.17806486511535e-07;4.25057673109354e-07
-14.30625;1.28841628986134e-07;4.55289763420234e-07
-14.296875;1.41865362115222e-07;4.86761093659306e-07
-14.2875;1.56785760014653e-07;5.19223756206414e-07
-14.278125;1.73495692425158e-07;5.52422413825175e-07
-14.26875;1.9187380545602e-07;5.86096535700023e-07
-14.259375;2.11785626622488e-07;6.19982681310976e-07
-14.25;2.33084793932793e-07;6.53816819817962e-07
-14.240625;2.55614392187268e-07;6.87336659509047e-07
-14.23125;2.7920838686933e-07;7.20283976413819e-07
-14.221875;3.03693145181497e-07;7.52406905228645e-07
-14.2125;3.2888903327837e-07;7.83462202520061e-07
-14.203125;3.54612072010099e-07;8.13217430581729e-07
-14.19375;3.8067564406198e-07;8.41453076244502e-07
-14.184375;4.06892222389069e-07;8.67964543624232e-07
-14.175;4.33075141524388e-07;8.92564073353545e-07
-14.165625;4.59040343233703e-07;9.15082482964144e-07
-14.15625;4.84608141783218e-07;9.3537080562476e-07
-14.146875;5.09604934583722e-07;9.5330172560091e-07
-14.1375;5.33864904766588e-07;9.68770890216454e-07
-14.128125;5.57231645049538e-07;9.81697997184214e-07
-14.11875;5.79559729716389e-07;9.92027720008245e-07
-14.109375;6.0071619901479e-07;9.99730415697621e-07
-14.1;6.20581960214811e-07;1.00480264847213e-06
-14.090625;6.39053075970355e-07;1.00726748441367e-06
-14.08125;6.56041941816981e-07;1.00717458937735e-06
-14.071875;6.71478343056271e-07;1.00460011340639e-06
-14.0625;6.85310373892864e-07;9.99646362218785e-07
-14.053125;6.97505216569133e-07;9.92441262627722e-07
-14.04375;7.08049775793697e-07;9.83137627981147e-07
-14.034375;7.16951161066448e-07;9.71912228393992e-07
-14.025;7.24237011226823e-07;9.58964671588201e-07
-14.015625;7.29955657973286e-07;9.44516103125644e-07
-14.00625;7.34176135541312e-07;9.28807745174739e-07
-13.996875;7.3698802801371e-07;9.12099282846339e-07
-13.9875;7.38501150811226e-07;8.94667095799998e-07
-13.978125;7.38845090573025e-07;8.76802387126289e-07
-13.96875;7.38168579584699e-07;8.5880918088028e-07
-13.959375;7.36638736613316e-07;8.41002247829421e-07
-13.95;7.34440148107542e-07;8.23704928056833e-07
-13.940625;7.31773848204821e-07;8.0724694014072e-07
-13.93125;7.288561410942e-07;7.91962104523478e-07
-13.921875;7.2591734160817e-07;7.78186094366456e-07
-13.9125;7.23200381604748e-07;7.66254142054511e-07
-13.903125;7.20959361054727e-07;7.56498814486319e-07
-13.89375;7.19457988928563e-07;7.49247785381573e-07
-13.884375;7.1896798037967e-07;7.44821694709923e-07
-13.875;7.19767388598286e-07;7.43532065276622e-07
-13.865625;7.22138913579232e-07;7.45679331545833e-07
-13.85625;7.26368173063912e-07;7.5155096143157e-07
-13.846875;7.32741973928364e-07;7.61419716986492e-07
-13.8375;7.41546591463147e-07;7.75542053780828e-07
-13.828125;7.53066062500988e-07;7.94156671583142e-07
-13.81875;7.67580517033089e-07;8.17483233334678e-07
-13.809375;7.85364560390116e-07;8.4572126413912e-07
-13.8;8.06685717511829e-07;8.79049236302208e-07
-13.790625;8.31802952271092e-07;9.17623847153525e-07
-13.78125;8.60965271543767e-07;9.61579495660903e-07
-13.771875;8.94410434898019e-07;1.01102796599703e-06
-13.7625;9.32363773497411e-07;1.06605832047042e-06
-13.753125;9.75037120164638e-07;1.12673698862926e-06
-13.74375;1.02262788193733e-06;1.19310807717287e-06
-13.734375;1.07531823410735e-06;1.2651938668996e-06
-13.725;1.13327447209778e-06;1.34299552574897e-06
-13.715625;1.19664648668457e-06;1.42649398630227e-06
-13.70625;1.26556742225862e-06;1.5156510423994e-06
-13.696875;1.34015345405246e-06;1.61041058018926e-06
-13.6875;1.42050374891142e-06;1.71070000586877e-06
-13.678125;1.50670055072827e-06;1.81643178824369e-06
-13.66875;1.5988094475622e-06;1.92750516951707e-06
-13.659375;1.69687976128472e-06;2.0438079680754e-06
-13.65;1.80094509673078e-06;2.1652184987026e-06
-13.640625;1.91102401913011e-06;2.29160757003749e-06
-13.63125;2.02712087259853e-06;2.42284055610522e-06
-13.621875;2.14922670966842e-06;2.55877950746512e-06
-13.6125;2.27732034138076e-06;2.69928529588265e-06
-13.603125;2.41136948927409e-06;2.84421976692827e-06
-13.59375;2.551332024817e-06;2.99344787858409e-06
-13.584375;2.69715729024704e-06;3.14683981029751e-06
-13.575;2.84878748482947e-06;3.30427302063645e-06
-13.565625;3.0061591033332e-06;3.46563423475688e-06
-13.55625;3.16920441157094e-06;3.63082134162663e-06
-13.546875;3.33785294404363e-06;3.79974518273865e-06
-13.5375;3.51203301157152e-06;3.97233121851988e-06
-13.528125;3.6916732021883e-06;4.14852104995424e-06
-13.51875;3.87670385632972e-06;4.32827378570349e-06
-13.509375;4.06705851050263e-06;4.51156723755186e-06
-13.5;4.26267528283912e-06;4.6983989311145e-06
-13.490625;4.46349820212302e-06;4.8887869278323e-06
-13.48125;4.66947844025709e-06;5.08277043043496e-06
-13.471875;4.88057547458931e-06;5.28041019359654e-06
-13.4625;5.09675811935468e-06;5.48178869798751e-06
-13.453125;5.31800546366351e-06;5.68701011911585e-06
-13.44375;5.54430765899708e-06;5.8962000560318e-06
-13.434375;5.77566658917873e-06;6.10950504590747e-06
-13.425;6.01209638095921e-06;6.32709185031865e-06
-13.415625;6.2536237658749e-06;6.54914651699279e-06
-13.40625;6.50028828433432e-06;6.77587323401038e-06
-13.396875;6.75214232348579e-06;7.00749296575504e-06
-13.3875;7.00925098945542e-06;7.2442418977713e-06
-13.378125;7.27169181234159e-06;7.4863696851001e-06
-13.36875;7.5395542795002e-06;7.7341375261076e-06
-13.359375;7.81293920341537e-06;7.98781607182408e-06
-13.35;8.09195792628029e-06;8.24768318898269e-06
-13.340625;8.37673136147288e-06;8.51402158730696e-06
-13.33125;8.66738888057827e-06;8.78711633258561e-06
-13.321875;8.96406705452637e-06;9.06725226672862e-06
-13.3125;9.26690825556355e-06;9.35471135000603e-06
-13.303125;9.5760591262294e-06;9.64976994799934e-06
-13.29375;9.89166893216886e-06;9.95269607904775e-06
-13.284375;1.02138878111323e-05;1.02637466599712e-05
-13.275;1.05428649210579e-05;1.05831647438305e-05
-13.265625;1.08787465167019e-05;1.09111768023328e-05
-13.25625;1.12216739558981e-05;1.12479900522782e-05
-13.246875;1.15717816621564e-05;1.15937898566213e-05
-13.2375;1.19291950471327e-05;1.19487372184078e-05
-13.228125;1.22940284246115e-05;1.23129663893612e-05
-13.21875;1.26663829186745e-05;1.26865826138652e-05
-13.209375;1.30463443973279e-05;1.30696600249466e-05
-13.2;1.34339814296378e-05;1.34622397027763e-05
-13.190625;1.38293433085915e-05;1.38643279332162e-05
-13.18125;1.42324581296804e-05;1.42758946489985e-05
-13.171875;1.4643330967743e-05;1.46968721055425e-05
-13.1625;1.50619421410344e-05;1.51271537595758e-05
-13.153125;1.54882456034323e-05;1.55665934045702e-05
-13.14375;1.592216746362e-05;1.60150045369582e-05
-13.134375;1.63636046446424e-05;1.64721599752651e-05
-13.125;1.68124237048667e-05;1.69377917352944e-05
-13.115625;1.72684598303868e-05;1.7411591166281e-05
-13.10625;1.77315160002415e-05;1.78932093381608e-05
-13.096875;1.82013623389047e-05;1.83822576849326e-05
-13.0875;1.86777356707553e-05;1.88783089077203e-05
-13.078125;1.91603392727245e-05;1.93808981222279e-05
-13.06875;1.96488428283142e-05;1.98895242440985e-05
-13.059375;2.01428825947714e-05;2.04036516026123e-05
-13.05;2.06420617857692e-05;2.09227117906856e-05
-13.040625;2.11459511506255e-05;2.14461056975786e-05
-13.03125;2.16540897761734e-05;2.19732057571172e-05
-13.021875;2.21659860841736e-05;2.25033583632971e-05
-13.0125;2.26811190378414e-05;2.30358864503117e-05
-13.003125;2.31989395288898e-05;2.35700922113104e-05
-12.99375;2.3718871964733e-05;2.41052599434014e-05
-12.984375;2.42403160209114e-05;2.46406589993439e-05
-12.975;2.4762648570241e-05;2.51755468193997e-05
-12.965625;2.52852257500995e-05;2.57091720166408e-05
-12.95625;2.58073851870927e-05;2.62407775184717e-05
-12.946875;2.63284483336108e-05;2.67696037050366e-05
-12.9375;2.6847722928617e-05;2.72948915663619e-05
-12.928125;2.73645055379036e-05;2.78158858042446e-05
-12.91875;2.78780841850825e-05;2.83318379128116e-05
-12.909375;2.83877410388448e-05;2.88420091732773e-05
-12.9;2.88927551391349e-05;2.9345673560678e-05
-12.890625;2.93924051504503e-05;2.98421205431245e-05
-12.88125;2.98859721257354e-05;3.0330657754537e-05
-12.871875;3.03727422510475e-05;3.08106135161369e-05
-12.8625;3.08520095593179e-05;3.12813391939264e-05
-12.853125;3.13230786032715e-05;3.17422113855431e-05
-12.84375;3.17852670565732e-05;3.21926339120919e-05
-12.834375;3.2237908229927e-05;3.26320396047501e-05
-12.825;3.26803534917556e-05;3.30598918772424e-05
-12.815625;3.31119745760872e-05;3.34756860902218e-05
-12.80625;3.35321657518444e-05;3.38789506646789e-05
-12.796875;3.39403458588848e-05;3.42692479828969e-05
-12.7875;3.43359601825105e-05;3.46461750443776e-05
-12.778125;3.47184821676596e-05;3.50093638896943e-05
-12.76875;3.50874149468887e-05;3.5358481784832e-05
-12.759375;3.54422926948835e-05;3.56932311758476e-05
-12.75;3.57826817831217e-05;3.60133494209819e-05
-12.740625;3.61081817460716e-05;3.63186082984736e-05
-12.73125;3.64184260360437e-05;3.66088132986343e-05
-12.721875;3.67130825860499e-05;3.68838027267778e-05
-12.7125;3.69918541626598e-05;3.71434466028952e-05
-12.703125;3.72544785215831e-05;3.73876454005488e-05
-12.69375;3.75007283572937e-05;3.76163286050484e-05
-12.684375;3.77304110630622e-05;3.78294531465001e-05
-12.675;3.79433682999767e-05;3.80270016914826e-05
-12.665625;3.81394753806623e-05;3.82089808274631e-05
-12.65625;3.83186404803135e-05;3.83754191566352e-05
-12.646875;3.84808036864073e-05;3.85263653173962e-05
-12.6375;3.86259358908485e-05;3.86618859522863e-05
-12.628125;3.87540375419418e-05;3.87820636427897e-05
-12.61875;3.88651372711722e-05;3.88869948335004e-05
-12.609375;3.89592904045271e-05;3.89767877643275e-05
-12.6;3.90365773728884e-05;3.90515604277637e-05
-12.590625;3.90971020425274e-05;3.91114385725878e-05
-12.58125;3.91409899770155e-05;3.9156553781363e-05
-12.571875;3.91683866470264e-05;3.9187041619299e-05
-12.5625;3.91794556064963e-05;3.9203039893156e-05
-12.553125;3.91743766517394e-05;3.92046870236114e-05
-12.54375;3.91533439792688e-05;3.91921205508258e-05
-12.534375;3.91165643579984e-05;3.91654757837494e-05
-12.525;3.90642553338839e-05;3.91248846064457e-05
-12.515625;3.89966434814041e-05;3.90704744557566e-05
-12.50625;3.89139627167225e-05;3.90023674712628e-05
-12.496875;3.88164526876309e-05;3.89206798312333e-05
-12.4875;3.87043572511194e-05;3.88255212776238e-05
-12.478125;3.85779230569938e-05;3.87169948337965e-05
-12.46875;3.84373982384615e-05;3.85951967157858e-05
-12.459375;3.82830312319097e-05;3.84602164362689e-05
-12.45;3.8115069724235e-05;3.8312137104558e-05
-12.440625;3.79337597424211e-05;3.81510359103442e-05
-12.43125;3.77393448859509e-05;3.7976984790196e-05
-12.421875;3.75320657127794e-05;3.77900512718599e-05
-12.4125;3.73121592739198e-05;3.75902994778608e-05
-12.403125;3.7079858805831e-05;3.73777912878415e-05
-12.39375;3.68353935780447e-05;3.71525876432713e-05
-12.384375;3.65789888893184e-05;3.69147499746205e-05
-12.375;3.63108662204013e-05;3.66643417475558e-05
-12.365625;3.60312435268019e-05;3.64014301019218e-05
-12.35625;3.57403356760996e-05;3.61260875710266e-05
-12.346875;3.54383550118612e-05;3.58383938600257e-05
-12.3375;3.51255120505775e-05;3.5538437672066e-05
-12.328125;3.48020162816525e-05;3.52263185477192e-05
-12.31875;3.44680770799028e-05;3.49021487151013e-05
-12.309375;3.41239047020875e-05;3.45660549180414e-05
-12.3;3.37697113683971e-05;3.4218180209466e-05
-12.290625;3.34057124029765e-05;3.38586856884557e-05
-12.28125;3.30321274265494e-05;3.34877521553738e-05
-12.271875;3.26491815839587e-05;3.31055816774406e-05
-12.2625;3.22571067924109e-05;3.27123990377311e-05
-12.253125;3.18561429930517e-05;3.230845305327e-05
-12.24375;3.14465393927563e-05;3.18940177478199e-05
-12.234375;3.10285556694867e-05;3.14693933522892e-05
-12.225;3.06024631534288e-05;3.10349071460101e-05
-12.215625;3.01685459279411e-05;3.05909140900261e-05
-12.20625;2.97271018752275e-05;3.01377972744558e-05
-12.196875;2.92784436241975e-05;2.96759681485594e-05
-12.1875;2.88228994039783e-05;2.92058665404116e-05
-12.178125;2.83608137789057e-05;2.87279604468548e-05
-12.16875;2.78925482624512e-05;2.82427456038935e-05
-12.159375;2.74184817964503e-05;2.77507448307289e-05
-12.15;2.69390110806104e-05;2.72525071387554e-05
-12.140625;2.64545507544844e-05;2.67486066223671e-05
-12.13125;2.59655334157669e-05;2.62396411271985e-05
-12.121875;2.54724094815214e-05;2.57262307068574e-05
-12.1125;2.49756468646099e-05;2.5209015860797e-05
-12.103125;2.44757305024495e-05;2.46886555977406e-05
-12.09375;2.39731616935418e-05;2.41658252924976e-05
-12.084375;2.34684572747561e-05;2.36412143845606e-05
-12.075;2.29621486267815e-05;2.3115523915611e-05
-12.065625;2.24547805186936e-05;2.25894639307771e-05
-12.05625;2.19469097923622e-05;2.20637507571398e-05
-12.046875;2.14391038951925e-05;2.15391041774744e-05
-12.0375;2.09319392713067e-05;2.10162445242188e-05
-12.028125;2.04259996229787e-05;2.04958897143795e-05
-12.01875;1.99218740474712e-05;1.99787522404224e-05
-12.009375;1.94201550708462e-05;1.94655361519715e-05
-12;1.8921436575036e-05;1.89569340271991e-05
-11.990625;1.8426311667012e-05;1.84536240000822e-05
-11.98125;1.79353704599816e-05;1.79562668106954e-05
-11.971875;1.74491978248364e-05;1.74655029497522e-05
-11.9625;1.69683711013921e-05;1.69819498910681e-05
-11.953125;1.64934578032444e-05;1.65061994483601e-05
-11.94375;1.60250133202225e-05;1.60388152614555e-05
-11.934375;1.55635786500483e-05;1.55803304512775e-05
-11.925;1.51096781716689e-05;1.51312454542444e-05
-11.915625;1.46638174711662e-05;1.46920260415228e-05
-11.90625;1.42264812511388e-05;1.42631015591361e-05
-11.896875;1.37981313317336e-05;1.38448633929158e-05
-11.8875;1.33792047663591e-05;1.34376636766849e-05
-11.878125;1.29701120720561e-05;1.30418142330298e-05
-11.86875;1.25712356222749e-05;1.2657585803457e-05
-11.859375;1.21829281755493e-05;1.22852075150978e-05
-11.85;1.18055115861066e-05;1.19248666391437e-05
-11.840625;1.14392756872845e-05;1.15767086100225e-05
-11.83125;1.10844773739549e-05;1.12408373332698e-05
-11.821875;1.07413398756175e-05;1.09173157514356e-05
-11.8125;1.04100522451221e-05;1.06061666948343e-05
-11.803125;1.00907690514024e-05;1.03073739810674e-05
-11.79375;9.78361029814569e-06;1.00208837856708e-05
-11.784375;9.48866155290866e-06;9.7466062448068e-06
-11.775;9.20597430340012e-06;9.4844173053285e-06
-11.765625;8.93556652023018e-06;9.23416077418618e-06
-11.75625;8.67742345156214e-06;8.99565060225763e-06
-11.746875;8.43149861058651e-06;8.76867332262374e-06
-11.7375;8.19771497781323e-06;8.55299067774782e-06
-11.728125;7.97596639365963e-06;8.34834238718815e-06
-11.71875;7.76611914022609e-06;8.15444904265955e-06
-11.709375;7.56801368919334e-06;7.97101509773177e-06
-11.7;7.38146661801233e-06;7.79773194753964e-06
-11.690625;7.2062726726438e-06;7.63428106304916e-06
-11.68125;7.04220695373432e-06;7.48033714569308e-06
-11.671875;6.88902722286565e-06;7.33557129439982e-06
-11.6625;6.74647630519262e-06;7.19965415269532e-06
-11.653125;6.61428456844166e-06;7.07225901505973e-06
-11.64375;6.49217245567765e-06;6.95306484475497e-06
-11.634375;6.37985306686804e-06;6.84175922680391e-06
-11.625;6.27703474644966e-06;6.73804117564613e-06
-11.615625;6.18342367900102e-06;6.64162382377888e-06
-11.60625;6.09872644987838e-06;6.55223693045609e-06
-11.596875;6.02265257754531e-06;6.46962922996105e-06
-11.5875;5.95491696327314e-06;6.39357055510171e-06
-11.578125;5.8952422763978e-06;6.32385376779245e-06
-11.56875;5.84336121708263e-06;6.26029643219237e-06
-11.559375;5.79901867603202e-06;6.20274226454405e-06
-11.55;5.76197373904225e-06;6.15106230414308e-06
-11.540625;5.73200154783966e-06;6.10515583430957e-06
-11.53125;5.70889498186157e-06;6.06495100991462e-06
-11.521875;5.69246616212169e-06;6.03040522798553e-06
-11.5125;5.68254775248995e-06;6.00150519140349e-06
-11.503125;5.67899405486704e-06;5.97826670429284e-06
-11.49375;5.68168189049836e-06;5.96073418600377e-06
-11.484375;5.69051125336629e-06;5.948979902403e-06
-11.475;5.70540573071178e-06;5.9431029236486e-06
-11.465625;5.72631269575586e-06;5.94322782844422e-06
-11.45625;5.7532032645662e-06;5.94950315649573e-06
-11.446875;5.78607201247883e-06;5.96209961497824e-06
-11.4375;5.82493645804176e-06;5.98120806463233e-06
-11.428125;5.86983632436227e-06;6.0070373038389e-06
-11.41875;5.92083256900111e-06;6.03981166351255e-06
-11.409375;5.97800620425795e-06;6.07976842645429e-06
-11.4;6.04145690529165e-06;6.12715510886054e-06
-11.390625;6.11130142945269e-06;6.18222661303739e-06
-11.38125;6.18767185442333e-06;6.24524228532019e-06
-11.371875;6.27071363951476e-06;6.31646288748512e-06
-11.3625;6.36058355261308e-06;6.39614753475269e-06
-11.353125;6.45744744287535e-06;6.48455059027666e-06
-11.34375;6.56147792045365e-06;6.58191858031546e-06
-11.334375;6.67285191789701e-06;6.68848711814796e-06
-11.325;6.791748196342e-06;6.80447789981855e-06
-11.315625;6.91834478100384e-06;6.93009576316666e-06
-11.30625;7.05281637132841e-06;7.06552585959503e-06
-11.296875;7.19533174424781e-06;7.21093095233606e-06
-11.2875;7.34605115513444e-06;7.36644886286454e-06
-11.278125;7.50512378577419e-06;7.53219009102894e-06
-11.26875;7.67268523713332e-06;7.70823562805854e-06
-11.259375;7.84885510600362e-06;7.89463498566941e-06
-11.25;8.03373465261081e-06;8.0914044470688e-06
-11.240625;8.22740458792797e-06;8.29852556504974e-06
-11.23125;8.42992299885469e-06;8.51594391997163e-06
-11.221875;8.64132342840987e-06;8.74356814741744e-06
-11.2125;8.86161312767371e-06;8.98126924168516e-06
-11.203125;9.09077149018233e-06;9.22888013953744e-06
-11.19375;9.32874869944054e-06;9.4861956049499e-06
-11.184375;9.57546457859429e-06;9.75297239620844e-06
-11.175;9.83080767906307e-06;1.00289297300296e-05
-11.165625;1.0094634587083e-05;1.0313750027879e-05
-11.15625;1.03667694880623e-05;1.0607079955007e-05
-11.146875;1.06470039705512e-05;1.09085317297371e-05
-11.1375;1.0935097077975e-05;1.12176847032118e-05
-11.128125;1.12307756207335e-05;1.15340871930071e-05
-11.11875;1.15337347281009e-05;1.18572585616692e-05
-11.109375;1.18436386614018e-05;1.21866915173191e-05
-11.1;1.2160121858422e-05;1.25218546288479e-05
-11.090625;1.24827902240518e-05;1.28621950242202e-05
-11.08125;1.28112226430352e-05;1.32071412645762e-05
-11.071875;1.31449727112136e-05;1.35561063584421e-05
-11.0625;1.34835706809786e-05;1.3908490908824e-05
-11.053125;1.38265255822021e-05;1.42636863492433e-05
-11.04375;1.41733275344932e-05;1.46210782622047e-05
-11.034375;1.45234502096718e-05;1.49800497433844e-05
-11.025;1.48763534449605e-05;1.53399847973557e-05
-11.015625;1.52314859657168e-05;1.57002717159381e-05
-11.00625;1.55882882197274e-05;1.606030643927e-05
-10.996875;1.59461952902924e-05;1.64194958614062e-05
-10.9875;1.63046398686031e-05;1.6777261056464e-05
-10.978125;1.66630552670885e-05;1.71330404050132e-05
-10.96875;1.70208784363199e-05;1.74862925805651e-05
-10.959375;1.73775529919678e-05;1.78364994069235e-05
-10.95;1.77325321985203e-05;1.81831685321714e-05
-10.940625;1.80852819136073e-05;1.85258359228474e-05
-10.93125;1.84352834462117e-05;1.88640681409458e-05
-10.921875;1.87820363358178e-05;1.91974644115509e-05
-10.9125;1.91250610085769e-05;1.95256584388621e-05
-10.903125;1.94639013079371e-05;1.98483199958412e-05
-10.89375;1.9798126870148e-05;2.01651562267199e-05
-10.884375;2.01273353384786e-05;2.04759127154562e-05
-10.875;2.04511543933853e-05;2.07803742539378e-05
-10.865625;2.07692435922123e-05;2.10783653660613e-05
-10.85625;2.10812959972319e-05;2.13697505305442e-05
-10.846875;2.13870395925445e-05;2.16544341490738e-05
-10.8375;2.16862384739474e-05;2.19323602418857e-05
-10.828125;2.19786938141142e-05;2.22035118837325e-05
-10.81875;2.22642445846184e-05;2.24679103811189e-05
-10.809375;2.25427680493511e-05;2.27256142148332e-05
-10.8;2.28141800164709e-05;2.29767177506452e-05
-10.790625;2.30784348638271e-05;2.32213497438948e-05
-10.78125;2.33355253197575e-05;2.3459671631191e-05
-10.771875;2.35854820302068e-05;2.36918756591898e-05
-10.7625;2.38283729051e-05;2.39181828488493e-05
-10.753125;2.40643022558042e-05;2.41388408226918e-05
-10.74375;2.42934097409351e-05;2.43541215235844e-05
-10.734375;2.45158691159272e-05;2.45643188266344e-05
-10.725;2.47318868289057e-05;2.47697461027102e-05
-10.715625;2.49417004522183e-05;2.49707337278072e-05
-10.70625;2.5145576982042e-05;2.51676265805629e-05
-10.696875;2.53438110153378e-05;2.53607815404388e-05
-10.6875;2.55367228324085e-05;2.55505650282088e-05
-10.678125;2.57246563910543e-05;2.57373505855187e-05
-10.66875;2.59079772732115e-05;2.59215165650598e-05
-10.659375;2.60870705757441e-05;2.61034438820871e-05
-10.65;2.62623387995971e-05;2.6283513935298e-05
-10.640625;2.64341997255877e-05;2.6462106634527e-05
-10.63125;2.66030843254754e-05;2.66395986271232e-05
-10.621875;2.67694347059522e-05;2.68163616792392e-05
-10.6125;2.69337021191307e-05;2.69927612728036e-05
-10.603125;2.70963450545985e-05;2.71691554113247e-05
-10.59375;2.72578274259977e-05;2.73458936451771e-05
-10.584375;2.74186168776818e-05;2.75233163375552e-05
-10.575;2.7579183217113e-05;2.77017541655936e-05
-10.565625;2.7739996994389e-05;2.78815278728359e-05
-10.55625;2.79015282405889e-05;2.80629482692162e-05
-10.546875;2.80642453673991e-05;2.82463164758955e-05
-10.5375;2.82286142493805e-05;2.84319244223431e-05
-10.528125;2.83950974865039e-05;2.86200555817188e-05
-10.51875;2.85641538560265e-05;2.88109859400503e-05
-10.509375;2.8736237956946e-05;2.9004985192622e-05
-10.5;2.89118000434861e-05;2.92023181479083e-05
-10.490625;2.9091286054121e-05;2.94032463332434e-05
-10.48125;2.92751378271168e-05;2.96080297795608e-05
-10.471875;2.9463793496959e-05;2.98169289690045e-05
-10.4625;2.96576880708251e-05;3.00302069243141e-05
-10.453125;2.98572541684237e-05;3.02481314205568e-05
-10.44375;3.00629229136733e-05;3.04709772820698e-05
-10.434375;3.02751249799269e-05;3.06990287743053e-05
-10.425;3.04942917456035e-05;3.09325820060271e-05
-10.415625;3.07208565799229e-05;3.11719473856846e-05
-10.40625;3.09552562021373e-05;3.14174520334522e-05
-10.396875;3.11979321344831e-05;3.16694421889764e-05
-10.3875;3.14493321916781e-05;3.1928285518059e-05
-10.378125;3.17099120147145e-05;3.21943733517467e-05
-10.36875;3.1980136611289e-05;3.24681227870011e-05
-10.359375;3.22604818820634e-05;3.27499786424896e-05
-10.35;3.25514361170088e-05;3.30404152337513e-05
-10.340625;3.28535014288603e-05;3.33399379476447e-05
-10.33125;3.31671951096273e-05;3.36490845894182e-05
-10.321875;3.34930508776962e-05;3.39684264741775e-05
-10.3125;3.38316200044324e-05;3.42985692525737e-05
-10.303125;3.41834722896973e-05;3.46401534439236e-05
-10.29375;3.45491968679921e-05;3.49938546585389e-05
-10.284375;3.49294028254634e-05;3.53603834959987e-05
-10.275;3.5324719609629e-05;3.57404851097176e-05
-10.265625;3.57357972198942e-05;3.61349384289448e-05
-10.25625;3.61633061485373e-05;3.65445550184236e-05
-10.246875;3.66079370767388e-05;3.69701775863315e-05
-10.2375;3.70704003002606e-05;3.74126781331105e-05
-10.228125;3.75514248844086e-05;3.78729557372807e-05
-10.21875;3.80517575345333e-05;3.83519339926967e-05
-10.209375;3.85721611763627e-05;3.88505580901109e-05
-10.2;3.91134132567935e-05;3.93697915759178e-05
-10.190625;3.96763037383756e-05;3.9910612764968e-05
-10.18125;4.02616328243376e-05;4.04740108673293e-05
-10.171875;4.08702083809244e-05;4.10609818033956e-05
-10.1625;4.15028431028008e-05;4.16725237695114e-05
-10.153125;4.21603513943515e-05;4.23096325344339e-05
-10.14375;4.28435460103184e-05;4.2973296536923e-05
-10.134375;4.35532344489605e-05;4.36644917722261e-05
-10.125;4.42902151241529e-05;4.43841765278078e-05
-10.115625;4.50552733346673e-05;4.51332859764944e-05
-10.10625;4.5849177048834e-05;4.59127266782373e-05
-10.096875;4.66726725336535e-05;4.67233710143232e-05
-10.0875;4.75264798373626e-05;4.75660515827323e-05
-10.078125;4.84112881799101e-05;4.84415556135681e-05
-10.06875;4.93277512521702e-05;4.93506194183087e-05
-10.059375;5.02764824655517e-05;5.02939229165115e-05
-10.05;5.12580501794287e-05;5.12720842778166e-05
-10.040625;5.2272972937086e-05;5.22856547141807e-05
-10.03125;5.33217147538587e-05;5.33351134681775e-05
-10.021875;5.4404680459701e-05;5.44208630061058e-05
-10.0125;5.55222111597712e-05;5.55432244737031e-05
-10.003125;5.66745798267951e-05;5.67024334413253e-05
-9.99375;5.7861987062656e-05;5.78986359565853e-05
-9.984375;5.90845570562327e-05;5.91318849501843e-05
-9.975;6.0342333772394e-05;6.04021370058307e-05
-9.965625;6.16352773977217e-05;6.17092495325881e-05
-9.95625;6.29632610647877e-05;6.30529783442069e-05
-9.946875;6.43260678984532e-05;6.4432975681868e-05
-9.9375;6.57233883833244e-05;6.5848788682194e-05
-9.928125;6.71548180962169e-05;6.72998583131117e-05
-9.91875;6.86198558124607e-05;6.87855187780488e-05
-9.909375;7.01179020038199e-05;7.03049974066367e-05
-9.9;7.16482577493431e-05;7.18574150232233e-05
-9.890625;7.3210124064122e-05;7.34417868048415e-05
-9.88125;7.48026016633696e-05;7.50570236166099e-05
-9.871875;7.64246911594642e-05;7.67019338198594e-05
-9.8625;7.80752937095696e-05;7.83752255534141e-05
-9.853125;7.9753212100243e-05;8.00755094593912e-05
-9.84375;8.14571522783894e-05;8.18013018509643e-05
-9.834375;8.31857253235801e-05;8.35510283011697e-05
-9.825;8.49374498460382e-05;8.53230276252894e-05
-9.815625;8.67107548044625e-05;8.71155562373942e-05
-9.80625;8.85039827404859e-05;8.89267928620484e-05
-9.796875;9.03153933987495e-05;9.07548435599549e-05
-9.7875;9.21431677216522e-05;9.25977470454855e-05
-9.778125;9.39854122006066e-05;9.44534802618766e-05
-9.76875;9.58401635562702e-05;9.63199641836108e-05
-9.759375;9.77053937258875e-05;9.81950698043112e-05
-9.75;9.95790151272807e-05;0.000100076624283444
-9.740625;0.000101458886177168;0.000101962417208682
-9.73125;0.00010334281702666;0.000103850206939816
-9.721875;0.000105228575483174;0.000105737726999277
-9.7125;0.000107113893098283;0.000107622692467924
-9.703125;0.000108996471364689;0.000109502806352761
-9.69375;0.000110873988013442;0.000111375765894962
-9.684375;0.000112744103361596;0.000113239268773794
-9.675;0.000114604466679582;0.000115091019183567
-9.665625;0.000116452722546954;0.000116928733744369
-9.65625;0.00011828651716073;0.000118750147222526
-9.646875;0.000120103504563914;0.000120553018027624
-9.6375;0.000121901352760103;0.000122335133460787
-9.628125;0.000123677749691026;0.000124094314697942
-9.61875;0.000125430409035754;0.000125828421474457
-9.609375;0.00012715707581259;0.000127535356463118
-9.6;0.000128855531760128;0.000129213069327303
-9.590625;0.000130523600462417;0.000130859560432975
-9.58125;0.00013215915220457;0.000132472884212688
-9.571875;0.000133760108540298;0.00013405115217504
-9.5625;0.000135324446552483;0.000135592535556395
-9.553125;0.000136850202786284;0.000137095267609008
-9.54375;0.000138335476854485;0.000138557645533454
-9.534375;0.000139778434697283;0.000139978032059479
-9.525;0.000141177311493493;0.00014135485667999
-9.515625;0.000142530414216083;0.000142686616548743
-9.50625;0.00014383612383932;0.000143971877064473
-9.496875;0.000145092897188593;0.000145209272137759
-9.4875;0.000146299268442239;0.00014639750418227
-9.478125;0.000147453850301264;0.000147535343830529
-9.46875;0.000148555334813545;0.000148621629405017
-9.459375;0.00014960249389065;0.000149655266169844
-9.45;0.000150594179514733;0.000150635225384146
-9.440625;0.000151529323655113;0.000151560543180961
-9.43125;0.000152406937914118;0.000152430319305636
-9.421875;0.000153226112923795;0.000153243715736998
-9.4125;0.000153986017508023;0.000153999955218134
-9.403125;0.000154685897640487;0.000154698319727583
-9.39375;0.000155325075217169;0.000155338148919586
-9.384375;0.00015590294666795;0.000155918838556798
-9.375;0.000156418981432531;0.00015643983896358
-9.365625;0.000156872720330812;0.000156900653530999
-9.35625;0.000157263773844377;0.000157300837290715
-9.346875;0.000157591820342572;0.000157639995582808
-9.3375;0.000157856604270426;0.000157917782841687
-9.328125;0.000158057934333677;0.00015813390151852
-9.31875;0.00015819568168822;0.000158288101153944
-9.309375;0.000158269778175181;0.000158380177620128
-9.3;0.000158280214605119;0.000158409972545732
-9.290625;0.000158227039126594;0.000158377372929269
-9.28125;0.0001581103556789;0.00015828231094846
-9.271875;0.000157930322568617;0.000158124763982787
-9.2625;0.000157687151158706;0.000157904754826048
-9.253125;0.000157381104701419;0.000157622352116331
-9.24375;0.00015701249731873;0.00015727767096049
-9.234375;0.000156581693128991;0.000156870873752314
-9.225;0.000156089105540571;0.000156402171174957
-9.215625;0.000155535196704922;0.000155871823383967
-9.20625;0.000154920477128408;0.000155280141334526
-9.196875;0.000154245505447319;0.000154627488263407
-9.1875;0.000153510888355578;0.000153914281286701
-9.178125;0.000152717280681802;0.000153140993098649
-9.16875;0.000151865385604088;0.000152308153751268
-9.159375;0.000150955954992798;0.000151416352483905
-9.15;0.00014998978986463;0.000150466239581115
-9.140625;0.000148967740937347;0.000149458528227942
-9.13125;0.000147890709261632;0.000148393996336314
-9.121875;0.000146759646919711;0.000147273488314501
-9.1125;0.00014557555776003;0.000146097916743833
-9.103125;0.000144339498154363;0.000144868263940114
-9.09375;0.000143052577753776;0.000143585583367769
-9.084375;0.000141715960212487;0.000142251000873482
-9.075;0.000140330863871667;0.000140865715718417
-9.065625;0.000138898562358133;0.000139431001374381
-9.05625;0.000137420385096938;0.000137948206065932
-9.046875;0.00013589771768931;0.000136418753019887
-9.0375;0.000134332002158624;0.000134844140425354
-9.028125;0.000132724737017348;0.000133225941049286
-9.01875;0.000131077477153093;0.000131565801521314
-9.009375;0.000129391833500786;0.000129865441254709
-9;0.000127669472486327;0.000128126650995513
-8.990625;0.000125912115226279;0.000126351290984679
-8.98125;0.000124121536466364;0.00012454128874479
-8.971875;0.000122299563244087;0.000122698636455738
-8.9625;0.000120448073268062;0.000120825387955564
-8.953125;0.00011856899300176;0.000118923655339046
-8.94375;0.000116664295449138;0.000116995605180048
-8.934375;0.000114735997637534;0.000115043454377876
-8.925;0.000112786157795052;0.000113069465644091
-8.915625;0.000110816872227387;0.00011107594264552
-8.90625;0.000108830271901006;0.00010906522482525
-8.896875;0.000106828518730927;0.000107039681918644
-8.8875;0.000104813801600446;0.000105001708199456
-8.878125;0.00010278833210966;0.000102953716476083
-8.86875;0.000100754340079056;0.000100898131874171
-8.859375;9.87140688265001e-05;9.8837385438091e-05
-8.85;9.66697702320692e-05;9.67739075862672e-05
-8.840625;9.4623699627499e-05;9.47101214617059e-05
-8.83125;9.25781105222463e-05;9.26484362098466e-05
-8.821875;9.05352492065565e-05;9.05912402354297e-05
-8.8125;8.84973492506151e-05;8.8540894466272e-05
-8.803125;8.64666259449028e-05;8.64997256843347e-05
-8.79375;8.44452706991163e-05;8.44700199461806e-05
-8.784375;8.24354454506879e-05;8.24540161531824e-05
-8.775;8.04392771015631e-05;8.04538998040064e-05
-8.765625;7.84588520336433e-05;7.84717969789679e-05
-8.75625;7.64962107270657e-05;7.65097685813006e-05
-8.746875;7.45533425265377e-05;7.45698049019956e-05
-8.7375;7.26321805848588e-05;7.26538205125493e-05
-8.728125;7.07345970201891e-05;7.07636495539104e-05
-8.71875;6.88623983258074e-05;6.89010414268447e-05
-8.709375;6.70173210561265e-05;6.70676569364948e-05
-8.7;6.52010278301401e-05;6.52650649023366e-05
-8.690625;6.34151036745947e-05;6.34947392702598e-05
-8.68125;6.16610527365951e-05;6.17580567393688e-05
-8.671875;5.99402953943943e-05;6.0056294929047e-05
-8.6625;5.82541657787786e-05;5.83906310889002e-05
-8.653125;5.6603909739075e-05;5.67621413739286e-05
-8.64375;5.49906832581189e-05;5.51718006841046e-05
-8.634375;5.34155513357107e-05;5.36204830677923e-05
-8.625;5.18794873496978e-05;5.21089626924915e-05
-8.615625;5.03833729014353e-05;5.06379153715684e-05
-8.60625;4.89279981479528e-05;4.92079206398568e-05
-8.596875;4.75140626239949e-05;4.78194643573955e-05
-8.5875;4.61421765422751e-05;4.64729418281432e-05
-8.578125;4.48128625738167e-05;4.51686614071411e-05
-8.56875;4.35265580890143e-05;4.39068485701487e-05
-8.559375;4.22836178486928e-05;4.2687650414869e-05
-8.55;4.10843171281273e-05;4.15111405599195e-05
-8.540625;3.9928855242256e-05;4.03773244027179e-05
-8.53125;3.88173594639899e-05;3.92861447042748e-05
-8.521875;3.77498892891772e-05;3.82374874418607e-05
-8.5125;3.67264410286174e-05;3.723118790395e-05
-8.503125;3.57469526918636e-05;3.62670369660638e-05
-8.49375;3.48113091179405e-05;3.53447875066929e-05
-8.484375;3.39193473298898e-05;3.44641609098745e-05
-8.475;3.3070862054386e-05;3.36248536071795e-05
-8.465625;3.2265611380203e-05;3.28265436018817e-05
-8.45625;3.15033225027189e-05;3.20688969349937e-05
-8.446875;3.07836975137472e-05;3.13515740299803e-05
-8.4375;3.01064191925132e-05;3.06742358784043e-05
-8.428125;2.94711567479848e-05;3.00365500063139e-05
-8.41875;2.88775714750732e-05;2.9438196182107e-05
-8.409375;2.83253222749693e-05;2.88788718212792e-05
-8.4;2.7814070995977e-05;2.83582970356865e-05
-8.390625;2.73434875551834e-05;2.78762193002933e-05
-8.38125;2.69132548001968e-05;2.7432417687105e-05
-8.371875;2.65230730659035e-05;2.70267066444564e-05
-8.3625;2.61726644013665e-05;2.66589392810832e-05
-8.353125;2.58617764161528e-05;2.63290101324337e-05
-8.34375;2.55901857346418e-05;2.60368573926791e-05
-8.334375;2.5357701008226e-05;2.57824645794103e-05
-8.325;2.51641654805448e-05;2.55658616346294e-05
-8.315625;2.50094590702478e-05;2.53871254398183e-05
-8.30625;2.48934999573402e-05;2.52463797439434e-05
-8.296875;2.48162456642043e-05;2.51437945099038e-05
-8.2875;2.47776936156758e-05;2.50795846771651e-05
-8.278125;2.47778811701948e-05;2.5054008349605e-05
-8.26875;2.48168851330912e-05;2.50673644326201e-05
-8.259375;2.48948207358072e-05;2.51199897240121e-05
-8.25;2.50118401082009e-05;2.52122554942919e-05
-8.240625;2.51681302369958e-05;2.53445635740621e-05
-8.23125;2.53639104376105e-05;2.5517341984374e-05
-8.221875;2.55994293546142e-05;2.57310401469468e-05
-8.2125;2.58749615128389e-05;2.5986123706116e-05
-8.203125;2.61908034468773e-05;2.62830690107665e-05
-8.19375;2.65472694405618e-05;2.66223572972994e-05
-8.184375;2.69446869078647e-05;2.7004468620591e-05
-8.175;2.73833914534359e-05;2.74298755842308e-05
-8.165625;2.78637216507992e-05;2.78990369184693e-05
-8.15625;2.8386013581022e-05;2.84123909598141e-05
-8.146875;2.89505951768069e-05;2.89703490859437e-05
-8.1375;2.95577804108169e-05;2.95732891541974e-05
-8.128125;3.02078633891895e-05;3.02215490092389e-05
-8.11875;3.09011123784382e-05;3.09154200952928e-05
-8.109375;3.16377638376537e-05;3.1655141247999e-05
-8.1;3.24180164801035e-05;3.24408926918082e-05
-8.090625;3.32420254347861e-05;3.32727903151956e-05
-8.08125;3.41098965422494e-05;3.41508802583747e-05
-8.071875;3.50216808338823e-05;3.50751338577376e-05
-8.0625;3.59773692478073e-05;3.60454429983113e-05
-8.053125;3.69768876168603e-05;3.70616159074642e-05
-8.04375;3.80200919722059e-05;3.81233734195016e-05
-8.034375;3.91067642084197e-05;3.92303457581987e-05
-8.025;4.02366081377121e-05;4.03820698474392e-05
-8.015625;4.1409245975703e-05;4.15779871888785e-05
-8.00625;4.26242152813571e-05;4.28174423117019e-05
-7.996875;4.38809663841279e-05;4.4099681821208e-05
-7.9875;4.5178860316454e-05;4.54238540442047e-05
-7.978125;4.65171672779662e-05;4.67890092881504e-05
-7.96875;4.78950656342696e-05;4.81941006987724e-05
-7.959375;4.93116414750141e-05;4.96379857286846e-05
-7.95;5.07658887274726e-05;5.11194281919983e-05
-7.940625;5.22567098294393e-05;5.26371008965799e-05
-7.93125;5.37829169638095e-05;5.41895888384644e-05
-7.921875;5.53432338418162e-05;5.57753929270651e-05
-7.9125;5.69362980284062e-05;5.73929342214614e-05
-7.903125;5.8560663788208e-05;5.90405586347639e-05
-7.89375;6.02148054431092e-05;6.07165420881423e-05
-7.884375;6.18971212029592e-05;6.24190960548549e-05
-7.875;6.36059374605838e-05;6.41463734737905e-05
-7.865625;6.53395135009773e-05;6.58964749668972e-05
-7.85625;6.70960466076421e-05;6.76674553307164e-05
-7.846875;6.88736775163418e-05;6.94573302445277e-05
-7.8375;7.06704961877213e-05;7.12640831445513e-05
-7.828125;7.24845478470767e-05;7.30856722151804e-05
-7.81875;7.43138392565773e-05;7.49200374485151e-05
-7.809375;7.61563451679915e-05;7.67651077091861e-05
-7.8;7.80100149124694e-05;7.8618807765621e-05
-7.790625;7.98727790836412e-05;8.04790652274208e-05
-7.78125;8.17425562596917e-05;8.23438173439752e-05
-7.771875;8.36172597226581e-05;8.42110176113545e-05
-7.7625;8.54948041279656e-05;8.60786421499007e-05
-7.753125;8.73731120735668e-05;8.79446957953782e-05
-7.74375;8.92501205328709e-05;8.98072178789456e-05
-7.734375;9.11237870974182e-05;9.16642876407686e-05
-7.725;9.29920960008136e-05;9.35140292626279e-05
-7.715625;9.48530638761162e-05;9.53546164717768e-05
-7.70625;9.6704745213122e-05;9.71842766975195e-05
-7.696875;9.85452374886036e-05;9.90012947633953e-05
-7.6875;0.000100372685933685;0.000100804016087831
-7.678125;0.000102185287913977;0.000102590849389274
-7.66875;0.000103981296904945;0.000104360268880034
-7.659375;0.00010575902603964;0.00010611081595616
-7.65;0.000107516851216587;0.000107841100374078
-7.640625;0.000109253213762322;0.000109549800931255
-7.63125;0.000110966622636495;0.000111235665653199
-7.621875;0.000112655656184345;0.000112897511509404
-7.6125;0.000114318963437289;0.000114534223680489
-7.603125;0.000115955264971544;0.000116144754391814
-7.59375;0.000117563353334993;0.000117728121355492
-7.584375;0.000119142093059409;0.000119283405847647
-7.575;0.000120690420278023;0.000120809750452795
-7.565625;0.000122207341970144;0.000122306356528471
-7.55625;0.000123691934867237;0.000123772481417669
-7.546875;0.000125143344038755;0.000125207435466118
-7.5375;0.000126560781203675;0.000126610578883822
-7.528125;0.000127943522793986;0.000127981318503809
-7.51875;0.000129290907814008;0.000129319104483854
-7.509375;0.000130602335533592;0.000130623427006637
-7.5;0.00013187726305481;0.000131893813020714
-7.490625;0.00013311520279887;0.000133129823081864
-7.48125;0.000134315719950765;0.000134331048334534
-7.471875;0.000135478429908348;0.000135497107685275
-7.4625;0.000136602995778045;0.000136627645215954
-7.453125;0.000137689125959781;0.000137722327873559
-7.44375;0.000138736571856364;0.000138780843483071
-7.434375;0.000139745125759555;0.000139802899118023
-7.425;0.000140714618932856;0.000140788219861002
-7.415625;0.000141644919941201;0.000141736547987507
-7.40625;0.000142535933250742;0.000142647642594056
-7.396875;0.000143387598130724;0.000143521279694164
-7.3875;0.000144199887881022;0.00014435725279436
-7.378125;0.000144972809411085;0.000145155373970884
-7.36875;0.000145706403180838;0.000145915475430892
-7.359375;0.000146400743525664;0.000146637411585914
-7.35;0.000147055939365222;0.000147321061608101
-7.340625;0.000147672135308656;0.000147966332470474
-7.33125;0.000148249513145826;0.000148573162450287
-7.321875;0.000148788293734254;0.00014914152507586
-7.3125;0.00014928873924961;0.000149671433482499
-7.303125;0.000149751155809683;0.000150162945155438
-7.29375;0.000150175896429328;0.000150616167010022
-7.284375;0.000150563364297822;0.00015103126077503
-7.275;0.000150914016341852;0.000151408448629822
-7.265625;0.000151228367041877;0.000151748019040727
-7.25625;0.000151506992467815;0.000152050332748545
-7.246875;0.000151750534486753;0.000152315828841797
-7.2375;0.000151959705105817;0.000152545030861943
-7.228125;0.000152135290893969;0.000152738552872364
-7.21875;0.000152278157442649;0.000152897105430183
-7.209375;0.000152389253799507;0.000153021501389585
-7.2;0.00015246961683716;0.000153112661481177
-7.190625;0.000152520375482441;0.00015317161958476
-7.18125;0.000152542754768753;0.000153199527646755
-7.171875;0.000152538079637744;0.000153197660162219
-7.1625;0.000152507778445368;0.00015316741817162
-7.153125;0.000152453386108769;0.000153110332697227
-7.14375;0.000152376546846961;0.000153028067583377
-7.134375;0.00015227901645057;0.000152922421652938
-7.125;0.000152162664043568;0.000152795330167915
-7.115625;0.000152029473277407;0.000152648865515909
-7.10625;0.000151881542920559;0.000152485237102363
-7.096875;0.000151721086797349;0.000152306790400863
-7.0875;0.000151550433044582;0.000152116005141293
-7.078125;0.000151372022644915;0.000151915492600969
-7.06875;0.000151188407223617;0.000151707991995636
-7.059375;0.000151002246069967;0.000151496365945656
-7.05;0.000150816302383016;0.000151283595025318
-7.040625;0.000150633438718846;0.000151072771391768
-7.03125;0.000150456611642893;0.000150867091509647
-7.021875;0.00015028886558569;0.000150669847983178
-7.0125;0.000150133325909973;0.000150484420527819
-7.003125;0.000149993191208317;0.000150314266110406
-6.99375;0.00014987172484407;0.000150162908295491
-6.984375;0.000149772245773756;0.0001500339258494
-6.975;0.000149698118673726;0.000149930940646489
-6.965625;0.000149652743422378;0.000149857604948483
-6.95625;0.000149639543971549;0.000149817588106003
-6.946875;0.000149661956671166;0.00014981456277015
-6.9375;0.000149723418092285;0.000149852190669232
-6.928125;0.000149827352421409;0.000149934108054268
-6.91875;0.00014997715848126;0.000150063910867226
-6.909375;0.000150176196462166;0.000150245139754278
-6.9;0.000150427774422015;0.00015048126497217
-6.890625;0.000150735134649342;0.000150775671322283
-6.88125;0.000151101439955378;0.000151131643165788
-6.871875;0.000151529759987246;0.000151552349646213
-6.8625;0.000152023057639484;0.000152040830186056
-6.853125;0.000152584175652576;0.00015259998037126
-6.84375;0.000153215823478677;0.000153232538299169
-6.834375;0.000153920564505883;0.000153941071491648
-6.825;0.000154700803714493;0.000154727964447984
-6.815625;0.000155558775856911;0.000155595406932368
-6.80625;0.000156496534231292;0.000156545383062148
-6.796875;0.000157515940133352;0.000157579661286697
-6.7875;0.000158618653051736;0.000158699785306704
-6.778125;0.000159806121681736;0.000159907066015402
-6.76875;0.000161079575818912;0.000161202574508185
-6.759375;0.00016244001919001;0.000162587136209656
-6.75;0.000163888223279786;0.000164061326171123
-6.740625;0.000165424722195962;0.000165625465561267
-6.73125;0.000167049808618337;0.000167279619390032
-6.721875;0.000168763530863593;0.000169023595475681
-6.7125;0.000170565691096703;0.00017085694467823
-6.703125;0.000172455844705889;0.000172778962387248
-6.69375;0.000174433300861667;0.000174788691283058
-6.684375;0.000176497124257657;0.000176884925332339
-6.675;0.000178646138041829;0.000179066215024522
-6.665625;0.00018087892792083;0.000181330873798163
-6.65625;0.000183193847431788;0.000183676985644178
-6.646875;0.000185589024350124;0.00018610241382132
-6.6375;0.000188062368212706;0.000188604810659394
-6.628125;0.000190611578914636;0.000191181628371164
-6.61875;0.000193234156342508;0.000193830130833638
-6.609375;0.000195927410994518;0.00019654740625697
-6.6;0.000198688475536118;0.000199330380682175
-6.590625;0.000201514317233311;0.000202175832223963
-6.58125;0.000204401751202052;0.000205080405989834
-6.571875;0.000207347454409298;0.000208040629588246
-6.5625;0.00021034798035769;0.000211052929153505
-6.553125;0.000213399774379831;0.000214113645789328
-6.54375;0.000216499189476532;0.000217219052368577
-6.534375;0.000219642502618523;0.000220365370590832
-6.525;0.000222825931443694;0.00022354878822364
-6.515625;0.000226045651272121;0.000226765476449534
-6.50625;0.000229297812372067;0.000230011607241917
-6.496875;0.00023257855740052;0.000233283370698097
-6.4875;0.000235884038958403;0.000236576992262769
-6.478125;0.000239210437188793;0.000239888749782174
-6.46875;0.000242553977364579;0.000243214990326792
-6.459375;0.000245910947406957;0.00024655214674281
-6.45;0.000249277715286588;0.000249896753882111
-6.440625;0.000252650746260843;0.000253245464477869
-6.43125;0.000256026619918003;0.000256595064648024
-6.421875;0.00025940204698753;0.000259942488996769
-6.4125;0.000262773885905004;0.000263284835315935
-6.403125;0.000266139159112039;0.000266619378886505
-6.39375;0.000269495069089226;0.000269943586388454
-6.384375;0.000272839014123266;0.000273255129443957
-6.375;0.000276168603829363;0.000276551897828917
-6.365625;0.000279481674440907;0.000279832012388081
-6.35625;0.000282776303914089;0.000283093837718333
-6.346875;0.000286050826878199;0.000286335994674183
-6.3375;0.000289303849496926;0.000289557372779512
-6.328125;0.000292534264298773;0.000292757142625954
-6.31875;0.000295741265054647;0.000295934768354656
-6.309375;0.000298924361790921;0.00029909002033452
-6.3;0.000302083396030708;0.000302222988145116
-6.290625;0.000305218556377608;0.000305334094000898
-6.28125;0.000308330394551094;0.000308424106743331
-6.271875;0.000311419842015653;0.000311494156561788
-6.2625;0.000314488227327232;0.000314545750583566
-6.253125;0.00031753729436278;0.000317580789512605
-6.24375;0.000320569221579342;0.000320601585479588
-6.234375;0.000323586642481779;0.000323610881293808
-6.225;0.000326592667473794;0.000326611871282782
-6.215625;0.000329590907286133;0.000329608223924949
-6.20625;0.000332585498170861;0.000332604106463706
-6.196875;0.000335581129090192;0.000335604211752484
-6.1875;0.000338583071089728;0.0003386137875051
-6.178125;0.000341597209109057;0.000341638668222774
-6.16875;0.000344630076447864;0.000344685310004678
-6.159375;0.000347688892141369;0.000347760828501336
-6.15;0.000350781601490215;0.000350873040244209
-6.140625;0.000353916920018949;0.000354030507627377
-6.13125;0.000357104381118308;0.00035724258778072
-6.121875;0.000360354387665779;0.000360519485627689
-6.1125;0.000363678267899985;0.000363872311382512
-6.103125;0.000367088335854917;0.000367313142787905
-6.09375;0.000370597956652617;0.000370855092369899
-6.084375;0.000374221616972884;0.000374512380018385
-6.075;0.000377975001019798;0.00037830041119131
-6.065625;0.000381875072317594;0.000382235861056716
-6.05625;0.00038594016167819;0.000386336764899727
-6.046875;0.000390190061683125;0.000390622615107812
-6.0375;0.000394646128048634;0.000395114465093663
-6.028125;0.000399331388225363;0.000399835040473223
-6.01875;0.000404270657624673;0.000404808857879453
-6.009375;0.000409490663838595;0.000410062351747719
-6;0.000415020179258745;0.000415624009465448
-5.990625;0.000420890162482389;0.000421524515240667
-5.98125;0.000427133908925372;0.000427796903105604
-5.971875;0.000433787211035355;0.000434476719401227
-5.9625;0.000440888528555562;0.000441602195208534
-5.953125;0.000448479169230369;0.000449214429060352
-5.94375;0.000456603480412258;0.000457357580410308
-5.934375;0.000465309051986331;0.000466079074232692
-5.925;0.00047464693105679;0.000475429817200402
-5.915625;0.000484671848826948;0.000485464425845584
-5.90625;0.00049544246011798;0.00049624146714922
-5.896875;0.000507021595948047;0.000507823711958203
-5.8875;0.000519476529615276;0.000520278401680389
-5.878125;0.000532879256694285;0.000533677528645122
-5.86875;0.00054730678936994;0.000548098130563354
-5.859375;0.000562841465502615;0.000563622599468721
-5.85;0.000579571272816431;0.000580339005540999
-5.840625;0.000597590188574075;0.000598341436168385
-5.83125;0.000616998535088088;0.000617730350608177
-5.821875;0.000637903351389029;0.000638612950575662
-5.8125;0.0006604187813386;0.000661103567047721
-5.803125;0.000684666478451988;0.000685324063568712
-5.79375;0.000710776027640645;0.000711404256269515
-5.784375;0.000738885384061373;0.000739482350811225
-5.775;0.00076914132919281;0.000769705396378076
-5.765625;0.000801699944220466;0.000802229756831819
-5.75625;0.000836727100745904;0.000837221599046632
-5.746875;0.00087439896877731;0.000874857398420303
-5.7375;0.000914902541879026;0.000915324461431803
-5.728125;0.000958436179302386;0.000958821465129878
-5.71875;0.00100521016481401;0.00100555901324398
-5.709375;0.00105544728187359;0.00105576020863661
-5.7;0.00110938340470526;0.00110966124163108
-5.690625;0.00116726810471906;0.00116751199371696
-5.68125;0.00122936527162244;0.00122957665598067
-5.671875;0.00129595374846657;0.00129613436154161
-5.6625;0.00136732797974126;0.00136747983111943
-5.653125;0.00144379867152389;0.00144392403077128
-5.64375;0.00152569346254928;0.00152579484067339
-5.634375;0.00161335760494836;0.00161343773372835
-5.625;0.0017071546532546;0.00170721646260423
-5.615625;0.00180746716014663;0.00180751375370346
-5.60625;0.0019146973772441;0.00191473200638002
-5.596875;0.00202926795912903;0.00202929399560436
-5.5875;0.00215162266861446;0.00215164357610413
-5.578125;0.00228222708112334;0.00228224638585254
-5.56875;0.00242156928589328;0.00242159054663484
-5.559375;0.00257016058155888;0.00257018735924305
-5.55;0.00272853616351203;0.00272857199071113
-5.540625;0.00289725580027819;0.00289730415082347
-5.53125;0.00307690449599681;0.00307696875499262
-5.521875;0.00326809313593808;0.00326817657042543
-5.5125;0.00347145911183195;0.00347156484236516
-5.503125;0.00368766692365234;0.00368779789702063
-5.49375;0.00391740875433555;0.00391756771768587
-5.484375;0.00416140501379953;0.00416159449036889
-5.475;0.00442040484847797;0.00442062711516414
-5.465625;0.00469518661247565;0.00469544367943476
-5.45625;0.00498655829632998;0.00498685188879075
-5.446875;0.00529535790926368;0.00529568945171515
-5.4375;0.00562245381071252;0.00562282441361626
-5.428125;0.00596874498684335;0.0059691554359877
-5.41875;0.0063351612676924;0.0063356120162941
-5.409375;0.0067226634805127;0.00672315464414036
-5.4;0.00713224353487159;0.00713277488924729
-5.390625;0.00756492443501679;0.0075654954167232
-5.38125;0.0080217602150219;0.00802236992512267
-5.371875;0.00850383579223459;0.00850448300278412
-5.3625;0.00901226673457458;0.00901294989797518
-5.353125;0.00954819893728201;0.00954891619841687
-5.34375;0.0101128082047839;0.0101135574158341
-5.334375;0.0107072997334304;0.0107080784712569
-5.325;0.0113329074909762;0.0113337130769289
-5.315625;0.0119908934887977;0.0119917230107917
-5.30625;0.0126825469430122;0.0126833972796869
-5.296875;0.0134091833208237;0.013410051167591
-5.2875;0.0141721432686436;0.0141730251654025
-5.278125;0.0149727914187339;0.0149736837790281
-5.26875;0.0158125150714017;0.0158134142127664
-5.259375;0.0166927227500092;0.0166936249252618
-5.25;0.0176148426263997;0.0176157440555985
-5.240625;0.0185803208146191;0.0185812177174292
-5.23125;0.0195906195311879;0.0195915081593706
-5.221875;0.0206472151205236;0.0206480917902752
-5.2125;0.021751595944507;0.0217524570683681
-5.203125;0.0229052601355886;0.0229061022536471
-5.19375;0.024109713213269;0.0241105330233899
-5.184375;0.0253664655642188;0.0253672599510337
-5.175;0.0266770297867838;0.0266777958491907
-5.165625;0.0280429179010931;0.0280436529780209
-5.15625;0.0294656384264884;0.0294663401207029
-5.146875;0.030946693328508;0.0309473595282425
-5.1375;0.0324875748381788;0.0324882037363996
-5.128125;0.0340897621469057;0.0340903522580363
-5.11875;0.0357547179807959;0.0357552681547457
-5.109375;0.0374838850588063;0.0374843944921749
-5.1;0.0392786824396535;0.0392791506840008
-5.090625;0.0411405017629987;0.0411409287301011
-5.08125;0.0430707033909681;0.0430710893550022
-5.071875;0.0450706124566393;0.045070958053262
-5.0625;0.0471415148266788;0.0471418210490008
-5.053125;0.0492846529858646;0.0492849211773382
-5.04375;0.0515012218517731;0.0515014536960432
-5.034375;0.053792364528447;0.0537925620362433
-5.025;0.0561591680083694;0.0561593335015334
-5.015625;0.058602658832588;0.0586027949253697
-5.00625;0.061123798719305;0.0611239082970709
-4.996875;0.063723480171727;0.0637235663672567
-4.9875;0.0664025220764077;0.0664025882439712
-4.978125;0.069161665303729;0.0691617149911568
-4.96875;0.0720015683225657;0.0720016052415462
-4.959375;0.0749228028415328;0.0749228308363837
-4.95;0.0779258494895513;0.0779258725047247
-4.940625;0.0810110935487403;0.0810111155953387
-4.93125;0.084178820752937;0.0841788458745223
-4.921875;0.0874292131653299;0.087429245403315
-4.9125;0.0907623451488886;0.0907623885078075
-4.903125;0.0941781794434041;0.0941782378563593
-4.89375;0.0976765633630485;0.0976766406576323
-4.884375;0.101257225128411;0.101257324993394
-4.875;0.104919770346956;0.104919896300036
-4.865625;0.108663678655826;0.108663834012712
-4.85625;0.112488300540799;0.112488488385906
-4.846875;0.116392854345053;0.116393077504067
-4.8375;0.120376423481238;0.12037668449579
-4.828125;0.124437953860057;0.124438254964736
-4.81875;0.128576251548294;0.128576594650205
-4.809375;0.132789980668873;0.132790367329922
-4.8;0.137077661555128;0.137078092977207
-4.790625;0.141437669171007;0.141438146184207
-4.78125;0.145868231808453;0.145868754862432
-4.771875;0.150367430072644;0.150367999231222
-4.7625;0.154933196165171;0.154933811104222
-4.753125;0.159563313474596;0.15956397348327
-4.74375;0.164255416483158;0.164256120468433
-4.734375;0.169006990997625;0.169007737492156
-4.725;0.173815374711542;0.173816161884776
-4.715625;0.178677758105311;0.178678583777761
-4.70625;0.183591185689661;0.183592047350239
-4.696875;0.188552557597196;0.188553452423486
-4.6875;0.19355863152579;0.193559556407065
-4.678125;0.198606025036623;0.198606976599452
-4.66875;0.203691218208693;0.203692192844914
-4.659375;0.208810556650627;0.208811550547453
-4.65;0.213960254869593;0.21396126404161
-4.640625;0.219136399996044;0.219137420318831
-4.63125;0.224334955862034;0.224335983107119
-4.621875;0.22955176742969;0.229552797300555
-4.6125;0.234782565565425;0.234783593734247
-4.603125;0.240022972154347;0.240023994299169
-4.59375;0.245268505548288;0.245269517390295
-4.584375;0.250514586339733;0.250515583680326
-4.575;0.255756543452953;0.255757522210281
-4.565625;0.260989620542519;0.260990576787176
-4.55625;0.266208982688369;0.266209912677925
-4.546875;0.271409723375582;0.271410623587663
-4.5375;0.276586871746015;0.276587738909622
-4.528125;0.281735400107979;0.281736231232793
-4.51875;0.286850231689223;0.286851024092615
-4.509375;0.291926248617583;0.291926999949088
-4.5;0.296958300112763;0.296959008375819
-4.490625;0.301941210871956;0.301941874442674
-4.48125;0.306869789631179;0.306870407273997
-4.471875;0.311738837883504;0.31173940876357
-4.4625;0.316543158734684;0.316543682426835
-4.453125;0.321277565876073;0.321278042370328
-4.44375;0.325936892654124;0.325937322357638
-4.434375;0.330516001215325;0.330516384950745
-4.425;0.335009791704925;0.335010130705169
-4.415625;0.339413211497475;0.339413507396956
-4.40625;0.343721264436861;0.343721519259211
-4.396875;0.34792902006332;0.34792923620571
-4.3875;0.35203162280469;0.35203180301886
-4.378125;0.356024301109122;0.356024448479273
-4.36875;0.359902376496386;0.359902494414113
-4.359375;0.363661272505003;0.363661364641465
-4.35;0.367296523512509;0.367296593788064
-4.340625;0.370803783406405;0.37080383595796
-4.33125;0.374178834083538;0.374178873229894
-4.321875;0.377417593756074;0.377417623961539
-4.3125;0.380516125042575;0.380516150879162
-4.303125;0.383470642823224;0.383470668931746
-4.29375;0.38627752183874;0.386277552889142
-4.284375;0.388933304013216;0.388933344664465
-4.275;0.391434705481736;0.391434760341633
-4.265625;0.393778623304445;0.393778696889683
-4.25625;0.395962141849503;0.39596223854634
-4.246875;0.397982538828305;0.397982662854169
-4.2375;0.399837290967232;0.399837446333608
-4.228125;0.401524079301214;0.401524269778141
-4.21875;0.403040794075472;0.403041023157947
-4.209375;0.404385539242818;0.404385810119427
-4.2;0.405556636545155;0.405556952069188
-4.190625;0.406552629168895;0.40655299183223
-4.18125;0.407372284965324;0.407372696875297
-4.171875;0.408014599228165;0.408015062087648
-4.1625;0.408478797021889;0.408479312112772
-4.153125;0.408764335055672;0.408764903225886
-4.14375;0.408870903099194;0.408871524753426
-4.134375;0.408798424937891;0.408799100032068
-4.125;0.408547058866605;0.408547786906235
-4.115625;0.408117197721998;0.408117977764377
-4.10625;0.407509468455446;0.407510299115749
-4.096875;0.406724731249575;0.406725610710785
-4.0875;0.405764078182924;0.405765004209544
-4.078125;0.404628831448658;0.40462980140409
-4.06875;0.403320541134566;0.403321552002037
-4.059375;0.401840982572957;0.40184203097983
-4.05;0.400192153270374;0.400193235515638
-4.040625;0.398376269428334;0.398377381513066
-4.03125;0.396395762067578;0.396396899728118
-4.021875;0.394253272769519;0.39425443151309
-4.0125;0.39195164904977;0.391952824192252
-4.003125;0.389493939379779;0.389495126085308
-3.99375;0.386883387873643;0.386884581195722
-3.984375;0.384123428658273;0.384124623582028
-3.975;0.381217679945989;0.381218871431225
-3.965625;0.378169937829576;0.378171120854263
-3.95625;0.374984169820682;0.37498533942449
-3.946875;0.371664508153199;0.371665659480719
-3.9375;0.368215242873991;0.368216371217256
-3.928125;0.364640814743966;0.364641915583917
-3.91875;0.360945807973044;0.360946877019557
-3.909375;0.357134942813071;0.357135976043207
-3.9;0.353213068033075;0.353214061727218
-3.890625;0.34918515330165;0.349186104077193
-3.88125;0.345056281501407;0.345057186343702
-3.871875;0.340831641000628;0.34083249729091
-3.8625;0.336516517907276;0.336517323447298
-3.853125;0.332116288330506;0.332117041363678
-3.84375;0.327636410674669;0.327637109903472
-3.834375;0.323082417990613;0.323083062590145
-3.825;0.318459910408765;0.318460500036263
-3.815625;0.31377454767807;0.313775082478319
-3.80625;0.30903204183442;0.309032522440974
-3.796875;0.304238150021576;0.30423857755376
-3.7875;0.299398667486977;0.299399043542681
-3.778125;0.294519420774043;0.294519747418336
-3.76875;0.289606261131792;0.289606540881446
-3.759375;0.284665058161608;0.284665293965639
-3.75;0.279701693720089;0.279701888936458
-3.740625;0.274722056095757;0.274722214464422
-3.73125;0.269732034476309;0.269732160088837
-3.721875;0.26473751372185;0.264737610987831
-3.7125;0.25974436945828;0.259744443068824
-3.703125;0.254758463503631;0.254758518392239
-3.69375;0.249785639638751;0.249785680939893
-3.684375;0.244831719732268;0.24483175273801
-3.675;0.239902500228245;0.239902530343285
-3.665625;0.235003749003341;0.235003781698848
-3.65625;0.230141202598725;0.230141243365359
-3.646875;0.225320563830321;0.225320618130837
-3.6375;0.22054749977925;0.220547573001111
-3.628125;0.215827640162693;0.215827737571074
-3.61875;0.211166576083604;0.211166702775224
-3.609375;0.20656985915601;0.206570020014166
-3.6;0.202043001000828;0.202043200652056
-3.590625;0.197591473105433;0.197591715878154
-3.58125;0.193220707038403;0.193220996923938
-3.571875;0.188936095009153;0.188936435625451
-3.5625;0.184742990760427;0.184743385318834
-3.553125;0.180646710779929;0.180647162055301
-3.54375;0.176652535815663;0.176653046120101
-3.534375;0.172765712677947;0.172766283838402
-3.525;0.168991456309436;0.168992089649395
-3.515625;0.165334952102948;0.165335648428382
-3.50625;0.161801358445396;0.161802118035118
-3.496875;0.158395809464673;0.158396632065207
-3.4875;0.155123417954981;0.155124302780019
-3.478125;0.151989278454812;0.151990224189281
-3.46875;0.148998470450535;0.148999475259264
-3.459375;0.146156061677445;0.146157123218393
-3.45;0.143467111489094;0.143468226931033
-3.440625;0.140936674264748;0.140937840309286
-3.43125;0.138569802824017;0.138571015731786
-3.421875;0.136371551816938;0.136372807437745
-3.4125;0.134346981057195;0.134348274863898
-3.403125;0.132501158765642;0.132502485891483
-3.39375;0.130839164690927;0.13084051997
-3.384375;0.129366093073732;0.12936747108428
-3.375;0.128087055421057;0.128088450531214
-3.365625;0.127007183056933;0.127008589472543
-3.35625;0.126131629416121;0.126133041230225
-3.346875;0.125465572047601;0.125466983291174
-3.3375;0.125014214295087;0.125015618988597
-3.328125;0.124782786622344;0.124784178827683
-3.31875;0.124776547551782;0.124777921424125
-3.309375;0.125000784185615;0.125002134024762
-3.3;0.125460812279893;0.125462132580635
-3.290625;0.126161975842764;0.126163261343845
-3.28125;0.127109646229647;0.127110891960876
-3.271875;0.128309220709333;0.128310422036436
-3.2625;0.12976612047659;0.129767273143402
-3.253125;0.131485788088508;0.131486888256115
-3.24375;0.133473684303589;0.133474728586071
-3.234375;0.135735284304535;0.135736269800979
-3.225;0.1382760732877;0.13827699761018
-3.215625;0.141101541404336;0.141102402701606
-3.20625;0.144217178041047;0.1442179750177
-3.196875;0.147628465429196;0.147629197360113
-3.1875;0.151340871575543;0.151341538315467
-3.178125;0.155359842508881;0.15536044449701
-3.16875;0.159690793840155;0.159691332099695
-3.159375;0.16433910163624;0.164339577768868
-3.15;0.169310092610327;0.169310508785615
-3.140625;0.174609033634778;0.174609392574608
-3.13125;0.180241120585155;0.180241425543258
-3.121875;0.186211466527093;0.186211721263843
-3.1125;0.192525089260681;0.192525298013345
-3.103125;0.199186898239967;0.199187065688638
-3.09375;0.206201680888249;0.206201812117737
-3.084375;0.213574088332778;0.213574188790754
-3.075;0.221308620585517;0.221308696037274
-3.065625;0.229409611199538;0.229409667679717
-3.05625;0.237881211433607;0.237881255195303
-3.046875;0.246727373960336;0.246727411422011
-3.0375;0.255951836156151;0.255951873846794
-3.028125;0.265558103014054;0.265558147517068
-3.01875;0.275549429722839;0.275549487619112
-3.009375;0.285928803958965;0.285928881769641
-3;0.296698927939825;0.296699032069251
-2.990625;0.307862200289439;0.30786233696879
-2.98125;0.319420697769853;0.31942087300194
-2.971875;0.33137615693362;0.331376376439348
-2.9625;0.343729955754658;0.343730224921623
-2.953125;0.356483095296579;0.356483419130263
-2.94375;0.369636181479151;0.369636564557152
-2.934375;0.383189407005049;0.383189853434758
-2.925;0.397142533510231;0.397143046890353
-2.915625;0.411494874002335;0.41149545738861
-2.90625;0.426245275652365;0.426245931527809
-2.896875;0.441392103005533;0.441392833255487
-2.8875;0.456933221677499;0.456934027569733
-2.878125;0.472865982602549;0.472866864772631
-2.86875;0.48918720690009;0.489188165342164
-2.859375;0.505893171425623;0.505894205488729
-2.85;0.522979595071846;0.522980703461831
-2.840625;0.540441625884788;0.540442806671837
-2.83125;0.558273829058821;0.558275079690576
-2.821875;0.57647017587328;0.576471493193461
-2.8125;0.59502403363184;0.595025413904245
-2.803125;0.613928156664119;0.613929595601831
-2.79375;0.633174678447024;0.633176171246595
-2.784375;0.652755104901174;0.652756646281521
-2.775;0.672660308915228;0.672661893160941
-2.765625;0.692880526148438;0.692882147157144
-2.75625;0.713405352158701;0.713407003492093
-2.746875;0.73422374090041;0.734225415838519
-2.7375;0.755324004633035;0.75532569623131
-2.728125;0.776693815277886;0.776695516426577
-2.71875;0.798320207256824;0.798321910742185
-2.709375;0.82018958184272;0.820191280409503
-2.7;0.842287713047578;0.842289399462274
-2.690625;0.864599755069859;0.864601422184161
-2.68125;0.887110251318282;0.887111892132185
-2.671875;0.909803145024877;0.9098047527489
-2.6625;0.932661791455455;0.932663359571411
-2.653125;0.955668971720884;0.95567049404066
-2.64375;0.978806908187925;0.978808378909764
-2.634375;1.00205728148329;1.00205869524505
-2.625;1.02540124907983;1.02540260100875
-2.615625;1.0488194654487;1.04882075120718
-2.60625;1.07229210375638;1.07229331958343
-2.596875;1.09579887908031;1.0958000218282
-2.5875;1.11931907311231;1.11932014027806
-2.578125;1.14283156031327;1.14283255006477
-2.56875;1.16631483547846;1.16631574667488
-2.559375;1.18974704266749;1.18974787487372
-2.55;1.21310600544817;1.21310675894328
-2.540625;1.23636925839921;1.23636993417862
-2.53125;1.25951407981167;1.25951467958319
-2.521875;1.28251752552517;1.28251805169864
-2.5125;1.30535646383007;1.30535691950091
-2.503125;1.32800761136318;1.3280080002898
-2.49375;1.3504475699205;1.35044789649574
-2.484375;1.37265286410663;1.37265313332345
-2.475;1.39459997973722;1.394600197149
-2.465625;1.41626540290752;1.41626557458308
-2.45625;1.43762565963697;1.43762579211088
-2.446875;1.45865735599716;1.45865745621559
-2.4375;1.47933721862783;1.47933729389042
-2.428125;1.4996421355436;1.49964219344192
-2.41875;1.51954919713191;1.51954924548491
-2.409375;1.53903573724141;1.53903578402843
-2.4;1.55807937425828;1.55807942755028
-2.390625;1.57665805206744;1.57665811995687
-2.38125;1.59475008079449;1.5947501713246
-2.371875;1.61233417722426;1.61233429831832
-2.3625;1.62938950479155;1.62938966418264
-2.353125;1.64589571304014;1.64589591820215
-2.34375;1.66183297644663;1.66183323452704
-2.334375;1.67718203250686;1.67718235026202
-2.325;1.69192421898381;1.69192460271707
-2.315625;1.70604151021753;1.70604196572107
-2.30625;1.71951655239972;1.71951708490036
-2.296875;1.7323326977178;1.73233331182745
-2.2875;1.74447403727591;1.74447473694709
-2.278125;1.75592543270321;1.75592622119
-2.26875;1.76667254636305;1.76667342618797
-2.259375;1.77670187008009;1.77670284300713
-2.25;1.78600075230619;1.78600181932035
-2.240625;1.79455742365003;1.7945585849435
-2.23125;1.8023610206995;1.80236227566479
-2.221875;1.80940160807073;1.8094029553007
-2.2125;1.81567019862212;1.81567163591711
-2.203125;1.82115877177688;1.82116029615876
-2.19375;1.82586028990255;1.82586189763582
-2.184375;1.8297687127016;1.82977039932119
-2.175;1.83287900957233;1.8328807699181
-2.165625;1.83518716990528;1.83518899816277
-2.15625;1.83669021128575;1.83669210103311
-2.146875;1.83738618557923;1.83738812983964
-2.1375;1.83727418288211;1.83727617418164
-2.128125;1.83635433332633;1.83635636375643
-2.11875;1.83462780673243;1.83462986801677
-2.109375;1.83209681011158;1.83209889367658
-2.1;1.82876458302326;1.82876668007174
-2.090625;1.82463539080112;1.82463749238843
-2.08125;1.81971451566567;1.81971661277765
-2.071875;1.81400824574825;1.81401032938039
-2.0625;1.80752386205656;1.80752592329365
-2.053125;1.80026962341776;1.80027165351327
-2.04375;1.79225474944079;1.79225673989538
-2.034375;1.7834894015448;1.78349134418321
-2.025;1.77398466210612;1.77398654915176
-2.015625;1.76375251178111;1.76375433592764
-2.00625;1.7528058050672;1.75280755954654
-1.996875;1.74115824416913;1.74115992281518
-1.9875;1.72882435124186;1.72882594854938
-1.978125;1.71581943908578;1.71582095026389
-1.96875;1.70215958037391;1.70216100139366
-1.959375;1.68786157549437;1.68786290312994
-1.95;1.67294291909499;1.67294415095812
-1.940625;1.65742176541975;1.657422899987
-1.93125;1.64131689252993;1.64131792916254
-1.921875;1.62464766550506;1.62464860446115
-1.9125;1.60743399872121;1.60743484116011
-1.903125;1.58969631730582;1.58969706528451
-1.89375;1.57145551787002;1.57145617433162
-1.884375;1.55273292862046;1.55273349737479
-1.875;1.53355026895381;1.53355075465013
-1.865625;1.51392960863723;1.51393001672942
-1.85625;1.49389332667899;1.49389366338329
-1.846875;1.47346406999262;1.47346434223836
-1.8375;1.4526647119582;1.45266492733187
-1.828125;1.4315183109832;1.43151847766623
-1.81875;1.41004806916454;1.41004819586539
-1.809375;1.38827729115194;1.38827738703304
-1.8;1.36622934331129;1.36622941791135
-1.790625;1.34392761328436;1.34392767643684
-1.78125;1.32139547003961;1.3213955317879
-1.771875;1.29865622450549;1.29865629501561
-1.7625;1.27573309087569;1.27573318034728
-1.753125;1.25264914867234;1.25264926724859
-1.74375;1.22942730564983;1.22942746332732
-1.734375;1.20609026161887;1.20609046815798
-1.725;1.18266047326631;1.182660738103
-1.715625;1.15916012004265;1.1591604522025
-1.70625;1.13561107118496;1.13561147920016
-1.696875;1.11203485393885;1.11203534576892
-1.6875;1.08845262303872;1.08845320599575
-1.678125;1.0648851315011;1.06488581218007
-1.66875;1.04135270278122;1.04135348699622
-1.659375;1.01787520433843;1.01787609706526
-1.65;0.994472022651223;0.994473027977048
-1.640625;0.971162039717849;0.971163160798309
-1.63125;0.947963611073759;0.947964850098025
-1.621875;0.924894545352162;0.924895903516313
-1.6125;0.901972085409092;0.901973562898097
-1.603125;0.879212891029777;0.879214487008331
-1.59375;0.856633023227932;0.856634735840286
-1.584375;0.834247930145139;0.834249756523992
-1.575;0.812072434552637;0.812074370837104
-1.565625;0.790120722953225;0.790122764315784
-1.55625;0.768406336276468;0.768408476958713
-1.546875;0.746942162156053;0.746944395513016
-1.5375;0.725740428773646;0.725742747326368
-1.528125;0.704812700249663;0.704815095745603
-1.51875;0.684169873557204;0.684172337038017
-1.509375;0.663822176931568;0.663824698807717
-1.5;0.643779169744128;0.643781739875717
-1.490625;0.624049743805724;0.624052351588877
-1.48125;0.60464212606157;0.604644760519648
-1.471875;0.585563882636343;0.585566532515219
-1.4625;0.566821924185362;0.56682457805194
-1.453125;0.54842251250495;0.548425158848077
-1.44375;0.530371268352615;0.530373895685509
-1.434375;0.512673180425347;0.512675777388649
-1.425;0.49533261544236;0.495335170906882
-1.415625;0.478353329276634;0.478355832444892
-1.40625;0.46173847907811;0.461740919583737
-1.396875;0.445490636329961;0.445493004334077
-1.3875;0.429611800778183;0.429614087061858
-1.378125;0.414103415173829;0.414105611225761
-1.36875;0.398966380766548;0.39896847886515
-1.359375;0.384201073487456;0.384203066776569
-1.35;0.369807360759259;0.369809243316754
-1.340625;0.35578461887136;0.355786385769966
-1.33125;0.34213175085789;0.342133398217634
-1.321875;0.328847204816889;0.32884872984861
-1.3125;0.31592899260949;0.315930393648964
-1.303125;0.303374708878577;0.303375985410868
-1.29375;0.291181550327365;0.2911827030011
-1.284375;0.279346335199425;0.279347365830783
-1.275;0.267865522902877;0.267866434469162
-1.265625;0.256735233722906;0.256736030345683
-1.25625;0.245951268568267;0.245951955486117
-1.246875;0.235509128699172;0.235509712230216
-1.2375;0.225404035385658;0.225404522880114
-1.228125;0.215630949447541;0.215631349230632
-1.21875;0.206184590629024;0.20618491193469
-1.209375;0.197059456763168;0.197059709659075
-1.2;0.188249842683578;0.188250037988037
-1.190625;0.17974985884301;0.179750008034476
-1.18125;0.171553449600816;0.171553564720714
-1.171875;0.163654411143637;0.163654504693327
-1.1625;0.156046409006067;0.156046493838836
-1.153125;0.148722995160552;0.148723084369544
-1.14375;0.141677624648165;0.141677731451225
-1.134375;0.134903671724463;0.13490380934691
-1.125;0.128394445497014;0.128394627053371
-1.115625;0.122143205033737;0.122143443409479
-1.10625;0.116143173923582;0.116143481657955
-1.096875;0.110387554273524;0.110387943444518
-1.0875;0.104869540128237;0.104870022240739
-1.078125;0.0995823303011356;0.0995829161793263
-1.06875;0.0945191406077696;0.0945198402927534
-1.059375;0.0896732154948032;0.0896740381484385
-1.05;0.0850378390599632;0.0850387928758217
-1.040625;0.0806063454604444;0.0806074375827571
-1.03125;0.0763721287092859;0.0763733651606806
-1.021875;0.0723286518611692;0.0723300374799225
-1.0125;0.0684694555909578;0.0684709939784161
-1.003125;0.0647881661700447;0.0647898596487705
-0.99375;0.0612785028472725;0.0612803524303873
-0.984375;0.057934284642752;0.0579362900148533
-0.975000000000001;0.054749436564405;0.0547515960743192
-0.965625000000001;0.0517179952584166;0.0517203059239627
-0.956250000000001;0.0488341141060924;0.0488365716309081
-0.946875;0.0460920677807652;0.0460946665831455
-0.9375;0.0434862562794909;0.0434889895330791
-0.928125;0.0410112084452482;0.0410140681313044
-0.918750000000002;0.0386615849962159;0.0386645619670849
-0.909375000000001;0.0364321810794826;0.0364352651327762
-0.900000000000001;0.0343179283672215;0.0343211083301195
-0.890625;0.0323138967139135;0.0323171605369031
-0.88125;0.0304152953937067;0.0304186302529721
-0.871875;0.0286174739373648;0.0286208663449611
-0.862500000000002;0.0269159225885613;0.0269193585094206
-0.853125000000001;0.0253062723994701;0.0253097373742187
-0.843750000000001;0.0237842949857449;0.0237877742582405
-0.834375000000001;0.022345901960987;0.0223493806094404
-0.825;0.0209871440707961;0.0209906071412806
-0.815625;0.0197042100463665;0.019707642687499
-0.806249999999999;0.0184934251974175;0.018496812794959
-0.796875000000001;0.0173512497639987;0.0173545780741168
-0.787500000000001;0.0162742770464069;0.0162775323263349
-0.778125000000001;0.0152592313320852;0.0152624004669242
-0.76875;0.014302965637953;0.0143060362623872
-0.759375;0.0134024592861697;0.0134054198998919
-0.75;0.0125548153308039;0.0125576554064975
-0.740625000000001;0.0117572578523533;0.0117599679351288
-0.731250000000001;0.0110071291364719;0.0110097009337249
-0.721875000000001;0.0103018867526538;0.0103043132133818
-0.7125;0.00963910054797778;0.0096413759306885
-0.703125;0.00901644957037829;0.00901856949880684
-0.69375;0.00843171893521186;0.00843368044117539
-0.684375000000002;0.0078827966482127;0.00788459820104083
-0.675000000000001;0.00736767039722948;0.00736931191932278
-0.665625000000001;0.00688442432443004;0.00688590719262894
-0.65625;0.00643123578995388;0.00643256282252257
-0.646875;0.00600637213728373;0.00600754756645419
-0.6375;0.00560818746991104;0.00560921690005767
-0.628125000000002;0.00523511944816905;0.00523600979983035
-0.618750000000001;0.00488568611441951;0.00488644555451393
-0.609375000000001;0.0045584827541148;0.00455912061283902
-0.600000000000001;0.00425217879958203;0.00425270547461004
-0.590625;0.00396551478275002;0.00396594163148708
-0.58125;0.00369729934240062;0.00369763856317023
-0.571874999999999;0.00344640629093118;0.0034466707940982
-0.562500000000001;0.0032117717450258;0.00321197501517096
-0.553125000000001;0.00299239132408024;0.00299254727445392
-0.543750000000001;0.00278731741968289;0.00278744024026099
-0.534375;0.0025956565389487;0.00259576053951159
-0.525;0.00241656672401519;0.00241666617374053
-0.515625;0.00224925504955544;0.00224936401469862
-0.506250000000001;0.00209297519972563;0.00209310738101044
-0.496875000000001;0.00194702512556591;0.00194719369695904
-0.487500000000001;0.00181074478349106;0.00181096223406939
-0.478125;0.00168351395515998;0.00168379193579975
-0.46875;0.00156475014868721;0.00156509932531327
-0.459375;0.00145390658086012;0.00145433649599353
-0.450000000000002;0.00135047023975772;0.0013509891840781
-0.440625000000001;0.00125396002691452;0.00125457492253041
-0.431250000000001;0.00116392497795494;0.00116464127503022
-0.421875;0.00107994256042049;0.00108076414875388
-0.4125;0.00100161704734096;0.0010025461844301
-0.403125;0.000928577964938584;0.000929615221987367
-0.393750000000002;0.00086047861273106;0.000861622839971541
-0.384375000000001;0.000796994654174657;0.000798242966782697
-0.375000000000001;0.000737822775902484;0.000739170561684062
-0.365625000000001;0.000682679413528765;0.000684120363444205
-0.35625;0.000631299541935352;0.000632825704415871
-0.346875;0.00058343552790368;0.000585037387794638
-0.337499999999999;0.000538856042931688;0.000540522625772954
-0.328125000000001;0.000497345034050367;0.000499064036283482
-0.318750000000001;0.000458700750451676;0.000460458696014773
-0.309375000000001;0.000422734823742734;0.000424517247394131
-0.3;0.000389271399655792;0.000391063057242854
-0.290625;0.00035814631906458;0.000359931424837434
-0.28125;0.000329206346189637;0.000330968837151584
-0.271875000000001;0.000302308441911979;0.000304032269084867
-0.262500000000001;0.00027731908015684;0.000278988526551377
-0.253125000000001;0.000254113605355626;0.000255713630345124
-0.24375;0.00023257562904917;0.000234092238770847
-0.234375;0.000212596463746733;0.000214017107090139
-0.225;0.000194074592214769;0.000195388581909494
-0.215625000000002;0.000176915170428188;0.000178114128707947
-0.206250000000001;0.000161029562477091;0.00016210789077846
-0.196875000000001;0.000146334905784053;0.000147290277938174
-0.1875;0.000132753705047495;0.000133587583440577
-0.178125;0.000120213453388084;0.000120931627603461
-0.16875;0.000108646279236784;0.000109259426746746
-0.159375000000002;9.7988617560187e-05;9.85128861165181e-05
-0.150000000000001;8.81809040806306e-05;8.86385155476654e-05
-0.140625000000001;7.91672912015633e-05;7.95871667003789e-05
-0.131250000000001;7.08953844067289e-05;7.13137907801188e-05
-0.121875;6.33159979525827e-05;6.37772157272969e-05
-0.1125;5.63829287269884e-05;5.69399419425828e-05
-0.103124999999999;5.00527471942539e-05;5.07679556729066e-05
-0.0937500000000013;4.42846043953184e-05;4.52305592725449e-05
-0.084375000000001;3.9040054015311e-05;4.03002176069492e-05
-0.0750000000000006;3.42828885767867e-05;3.5952419941559e-05
-0.0656250000000003;2.99789888532976e-05;3.21655567206051e-05
-0.0562499999999999;2.60961856424737e-05;2.8920810704155e-05
-0.0468749999999996;2.26041330699277e-05;2.6202061997064e-05
-0.0375000000000014;1.94741926357286e-05;2.39958065501805e-05
-0.0281250000000011;1.66793272445303e-05;2.2291087793379e-05
-0.0187500000000007;1.41940044966054e-05;2.10794410936965e-05
-0.00937500000000036;1.19941085457465e-05;2.03548508052393e-05
0;1.0056859861267e-05;2.01137197226867e-05
